<?xml version="1.0" encoding="utf-8"?>
<!DOCTYPE Aggregator [<!ENTITY otherfile SYSTEM "mtla0_1r4_common.xml">]>
<TELEM:Aggregator xmlns="http://schemas.intel.com/telemetry/base/1/" 
	xmlns:xsi="http://www.w3.org/2001/XMLSchema-instance" 
	xmlns:TELC="http://schemas.intel.com/telemetry/base/common" 
	xmlns:TELEM="http://schemas.intel.com/telemetry/base/aggregator" 
	xmlns:xi="http://www.w3.org/2001/XInclude" 
 	xsi:schemaLocation="http://schemas.intel.com/telemetry/base/aggregator telemetryAggregator.xsd"> 

	<TELC:DataTypesInclude>&otherfile;</TELC:DataTypesInclude>
	<TELEM:name>MTL</TELEM:name>
	<TELEM:description>MTL A0 PMT Telemetry aggregator 1 samples definition and transformation rules</TELEM:description>
	<TELEM:uniqueid>0x13067103</TELEM:uniqueid>
	<TELEM:productid>MTL</TELEM:productid>
	<TELEM:address>0</TELEM:address>

	<TELEM:SampleGroup name="Container_0" sampleID="0" sampleGroupID="Container_0">
		<TELC:description>Groupname 0x6000</TELC:description>
		<TELC:length>64</TELC:length>
		<TELC:sample name="XTAL" datatypeIDREF="txtal_time" sampleID="XTAL">
			<TELC:description>Crystal clock count. Used as a reference count in converting many of the counters presented in this telemetry space.field / STRAPS.XTAL_FREQ [s]</TELC:description>
			<TELC:sampleSubGroup>XTAL</TELC:sampleSubGroup>
			<TELC:sampleType>Counter</TELC:sampleType>
			<TELC:size>64</TELC:size>
			<TELC:lsb>0</TELC:lsb>
			<TELC:msb>63</TELC:msb>
		</TELC:sample>
	</TELEM:SampleGroup>
	<TELEM:SampleGroup name="Container_1" sampleID="1" sampleGroupID="Container_1">
		<TELC:description>Groupname 0x6008</TELC:description>
		<TELC:length>64</TELC:length>
		<TELC:sample name="PACKAGE_CSTATE_BLOCK_REFCNT" datatypeIDREF="tevent_counter" sampleID="PACKAGE_CSTATE_BLOCK_REFCNT">
			<TELC:description>Reference count for block cause counters. Counts the number of 1ms intervals during which PkgC entry was blocked at least once by any reason. To calculate percent blocked by a specific reason, divide corresponding block reason counter by this counter value.</TELC:description>
			<TELC:sampleSubGroup>PACKAGE_CSTATE_BLOCK_REFCNT</TELC:sampleSubGroup>
			<TELC:sampleType>Counter</TELC:sampleType>
			<TELC:size>32</TELC:size>
			<TELC:lsb>0</TELC:lsb>
			<TELC:msb>31</TELC:msb>
		</TELC:sample>
		<TELC:sample name="PACKAGE_CSTATE_WAKE_REFCNT" datatypeIDREF="tevent_counter" sampleID="PACKAGE_CSTATE_WAKE_REFCNT">
			<TELC:description>Reference count for wake cause counters. To calculate percent for each wake reason, divide by this number.</TELC:description>
			<TELC:sampleSubGroup>PACKAGE_CSTATE_WAKE_REFCNT</TELC:sampleSubGroup>
			<TELC:sampleType>Counter</TELC:sampleType>
			<TELC:size>32</TELC:size>
			<TELC:lsb>32</TELC:lsb>
			<TELC:msb>63</TELC:msb>
		</TELC:sample>
	</TELEM:SampleGroup>
	<TELEM:SampleGroup name="Container_2" sampleID="2" sampleGroupID="Container_2">
		<TELC:description>Groupname 0x6010</TELC:description>
		<TELC:length>64</TELC:length>
		<TELC:sample name="PACKAGE_CSTATE_DEVICE_BLOCK_CAUSE_UNKNOWN" datatypeIDREF="tpkgc_block_cause" sampleID="PACKAGE_CSTATE_DEVICE_BLOCK_CAUSE_UNKNOWN">
			<TELC:description>Counts the number of 1ms intervals during which PkgC entry was blocked at least once by an unknown device.field / PACKAGE_CSTATE_BLOCK_REFCNT * 100 [%]</TELC:description>
			<TELC:sampleSubGroup>PACKAGE_CSTATE_DEVICE_BLOCK_CAUSE_UNKNOWN</TELC:sampleSubGroup>
			<TELC:sampleType>Counter</TELC:sampleType>
			<TELC:size>32</TELC:size>
			<TELC:lsb>0</TELC:lsb>
			<TELC:msb>31</TELC:msb>
		</TELC:sample>
		<TELC:sample name="PACKAGE_CSTATE_DEVICE_BLOCK_CAUSE_CDIE" datatypeIDREF="tpkgc_block_cause" sampleID="PACKAGE_CSTATE_DEVICE_BLOCK_CAUSE_CDIE">
			<TELC:description>Counts the number of 1ms intervals during which PkgC entry was blocked at least once by the CDIE</TELC:description>
			<TELC:sampleSubGroup>PACKAGE_CSTATE_DEVICE_BLOCK_CAUSE_CDIE</TELC:sampleSubGroup>
			<TELC:sampleType>Counter</TELC:sampleType>
			<TELC:size>32</TELC:size>
			<TELC:lsb>32</TELC:lsb>
			<TELC:msb>63</TELC:msb>
		</TELC:sample>
	</TELEM:SampleGroup>
	<TELEM:SampleGroup name="Container_3" sampleID="3" sampleGroupID="Container_3">
		<TELC:description>Groupname 0x6018</TELC:description>
		<TELC:length>64</TELC:length>
		<TELC:sample name="PACKAGE_CSTATE_DEVICE_BLOCK_CAUSE_GDIE" datatypeIDREF="tpkgc_block_cause" sampleID="PACKAGE_CSTATE_DEVICE_BLOCK_CAUSE_GDIE">
			<TELC:description>Counts the number of 1ms intervals during which PkgC entry was blocked at least once by the GDIE.</TELC:description>
			<TELC:sampleSubGroup>PACKAGE_CSTATE_DEVICE_BLOCK_CAUSE_GDIE</TELC:sampleSubGroup>
			<TELC:sampleType>Counter</TELC:sampleType>
			<TELC:size>32</TELC:size>
			<TELC:lsb>0</TELC:lsb>
			<TELC:msb>31</TELC:msb>
		</TELC:sample>
		<TELC:sample name="PACKAGE_CSTATE_DEVICE_BLOCK_CAUSE_SOC_CORE" datatypeIDREF="tpkgc_block_cause" sampleID="PACKAGE_CSTATE_DEVICE_BLOCK_CAUSE_SOC_CORE">
			<TELC:description>Counts the number of 1ms intervals during which PkgC entry was blocked at least once by the SoCN CORE.</TELC:description>
			<TELC:sampleSubGroup>PACKAGE_CSTATE_DEVICE_BLOCK_CAUSE_SOC_CORE</TELC:sampleSubGroup>
			<TELC:sampleType>Counter</TELC:sampleType>
			<TELC:size>32</TELC:size>
			<TELC:lsb>32</TELC:lsb>
			<TELC:msb>63</TELC:msb>
		</TELC:sample>
	</TELEM:SampleGroup>
	<TELEM:SampleGroup name="Container_4" sampleID="4" sampleGroupID="Container_4">
		<TELC:description>Groupname 0x6020</TELC:description>
		<TELC:length>64</TELC:length>
		<TELC:sample name="PACKAGE_CSTATE_DEVICE_BLOCK_CAUSE_PCH" datatypeIDREF="tpkgc_block_cause" sampleID="PACKAGE_CSTATE_DEVICE_BLOCK_CAUSE_PCH">
			<TELC:description>Counts the number of 1ms intervals during which PkgC entry was blocked at least once by PCH.</TELC:description>
			<TELC:sampleSubGroup>PACKAGE_CSTATE_DEVICE_BLOCK_CAUSE_PCH</TELC:sampleSubGroup>
			<TELC:sampleType>Counter</TELC:sampleType>
			<TELC:size>32</TELC:size>
			<TELC:lsb>0</TELC:lsb>
			<TELC:msb>31</TELC:msb>
		</TELC:sample>
		<TELC:sample name="PACKAGE_CSTATE_DEVICE_BLOCK_CAUSE_DISPLAY" datatypeIDREF="tpkgc_block_cause" sampleID="PACKAGE_CSTATE_DEVICE_BLOCK_CAUSE_DISPLAY">
			<TELC:description>Counts the number of 1ms intervals during which PkgC entry was blocked at least once by DISPLAY.</TELC:description>
			<TELC:sampleSubGroup>PACKAGE_CSTATE_DEVICE_BLOCK_CAUSE_DISPLAY</TELC:sampleSubGroup>
			<TELC:sampleType>Counter</TELC:sampleType>
			<TELC:size>32</TELC:size>
			<TELC:lsb>32</TELC:lsb>
			<TELC:msb>63</TELC:msb>
		</TELC:sample>
	</TELEM:SampleGroup>
	<TELEM:SampleGroup name="Container_5" sampleID="5" sampleGroupID="Container_5">
		<TELC:description>Groupname 0x6028</TELC:description>
		<TELC:length>64</TELC:length>
		<TELC:sample name="PACKAGE_CSTATE_DEVICE_BLOCK_CAUSE_IPU" datatypeIDREF="tpkgc_block_cause" sampleID="PACKAGE_CSTATE_DEVICE_BLOCK_CAUSE_IPU">
			<TELC:description>Counts the number of 1ms intervals during which PkgC entry was blocked at least once by IPU.</TELC:description>
			<TELC:sampleSubGroup>PACKAGE_CSTATE_DEVICE_BLOCK_CAUSE_IPU</TELC:sampleSubGroup>
			<TELC:sampleType>Counter</TELC:sampleType>
			<TELC:size>32</TELC:size>
			<TELC:lsb>0</TELC:lsb>
			<TELC:msb>31</TELC:msb>
		</TELC:sample>
		<TELC:sample name="PACKAGE_CSTATE_DEVICE_BLOCK_CAUSE_MEDIA" datatypeIDREF="tpkgc_block_cause" sampleID="PACKAGE_CSTATE_DEVICE_BLOCK_CAUSE_MEDIA">
			<TELC:description>Counts the number of 1ms intervals during which PkgC entry was blocked at least once by MEDIA.</TELC:description>
			<TELC:sampleSubGroup>PACKAGE_CSTATE_DEVICE_BLOCK_CAUSE_MEDIA</TELC:sampleSubGroup>
			<TELC:sampleType>Counter</TELC:sampleType>
			<TELC:size>32</TELC:size>
			<TELC:lsb>32</TELC:lsb>
			<TELC:msb>63</TELC:msb>
		</TELC:sample>
	</TELEM:SampleGroup>
	<TELEM:SampleGroup name="Container_6" sampleID="6" sampleGroupID="Container_6">
		<TELC:description>Groupname 0x6030</TELC:description>
		<TELC:length>64</TELC:length>
		<TELC:sample name="PACKAGE_CSTATE_DEVICE_BLOCK_CAUSE_VPU" datatypeIDREF="tpkgc_block_cause" sampleID="PACKAGE_CSTATE_DEVICE_BLOCK_CAUSE_VPU">
			<TELC:description>Counts the number of 1ms intervals during which PkgC entry was blocked at least once by VPU.</TELC:description>
			<TELC:sampleSubGroup>PACKAGE_CSTATE_DEVICE_BLOCK_CAUSE_VPU</TELC:sampleSubGroup>
			<TELC:sampleType>Counter</TELC:sampleType>
			<TELC:size>32</TELC:size>
			<TELC:lsb>0</TELC:lsb>
			<TELC:msb>31</TELC:msb>
		</TELC:sample>
		<TELC:sample name="PACKAGE_CSTATE_DEVICE_BLOCK_CAUSE_MEMORY" datatypeIDREF="tpkgc_block_cause" sampleID="PACKAGE_CSTATE_DEVICE_BLOCK_CAUSE_MEMORY">
			<TELC:description>Counts the number of 1ms intervals during which PkgC entry was blocked at least once by MEMORY.</TELC:description>
			<TELC:sampleSubGroup>PACKAGE_CSTATE_DEVICE_BLOCK_CAUSE_MEMORY</TELC:sampleSubGroup>
			<TELC:sampleType>Counter</TELC:sampleType>
			<TELC:size>32</TELC:size>
			<TELC:lsb>32</TELC:lsb>
			<TELC:msb>63</TELC:msb>
		</TELC:sample>
	</TELEM:SampleGroup>
	<TELEM:SampleGroup name="Container_7" sampleID="7" sampleGroupID="Container_7">
		<TELC:description>Groupname 0x6038</TELC:description>
		<TELC:length>64</TELC:length>
		<TELC:sample name="PACKAGE_CSTATE_DEVICE_BLOCK_CAUSE_PUNIT" datatypeIDREF="tpkgc_block_cause" sampleID="PACKAGE_CSTATE_DEVICE_BLOCK_CAUSE_PUNIT">
			<TELC:description>Counts the number of 1ms intervals during which PkgC entry was blocked at least once by PUNIT.</TELC:description>
			<TELC:sampleSubGroup>PACKAGE_CSTATE_DEVICE_BLOCK_CAUSE_PUNIT</TELC:sampleSubGroup>
			<TELC:sampleType>Counter</TELC:sampleType>
			<TELC:size>32</TELC:size>
			<TELC:lsb>0</TELC:lsb>
			<TELC:msb>31</TELC:msb>
		</TELC:sample>
		<TELC:sample name="PACKAGE_CSTATE_DEVICE_BLOCK_CAUSE_PSF" datatypeIDREF="tpkgc_block_cause" sampleID="PACKAGE_CSTATE_DEVICE_BLOCK_CAUSE_PSF">
			<TELC:description>Counts the number of 1ms intervals during which PkgC entry was blocked at least once by PSF fabric.</TELC:description>
			<TELC:sampleSubGroup>PACKAGE_CSTATE_DEVICE_BLOCK_CAUSE_PSF</TELC:sampleSubGroup>
			<TELC:sampleType>Counter</TELC:sampleType>
			<TELC:size>32</TELC:size>
			<TELC:lsb>32</TELC:lsb>
			<TELC:msb>63</TELC:msb>
		</TELC:sample>
	</TELEM:SampleGroup>
	<TELEM:SampleGroup name="Container_8" sampleID="8" sampleGroupID="Container_8">
		<TELC:description>Groupname 0x6040</TELC:description>
		<TELC:length>64</TELC:length>
		<TELC:sample name="PACKAGE_CSTATE_DEVICE_BLOCK_CAUSE_DFX" datatypeIDREF="tpkgc_block_cause" sampleID="PACKAGE_CSTATE_DEVICE_BLOCK_CAUSE_DFX">
			<TELC:description>Counts the number of 1ms intervals during which PkgC entry was blocked at least once by DFX.</TELC:description>
			<TELC:sampleSubGroup>PACKAGE_CSTATE_DEVICE_BLOCK_CAUSE_DFX</TELC:sampleSubGroup>
			<TELC:sampleType>Counter</TELC:sampleType>
			<TELC:size>32</TELC:size>
			<TELC:lsb>0</TELC:lsb>
			<TELC:msb>31</TELC:msb>
		</TELC:sample>
		<TELC:sample name="PACKAGE_CSTATE_DEVICE_BLOCK_CAUSE_DTS" datatypeIDREF="tpkgc_block_cause" sampleID="PACKAGE_CSTATE_DEVICE_BLOCK_CAUSE_DTS">
			<TELC:description>Counts the number of 1ms intervals during which PkgC entry was blocked at least once by DTS.</TELC:description>
			<TELC:sampleSubGroup>PACKAGE_CSTATE_DEVICE_BLOCK_CAUSE_DTS</TELC:sampleSubGroup>
			<TELC:sampleType>Counter</TELC:sampleType>
			<TELC:size>32</TELC:size>
			<TELC:lsb>32</TELC:lsb>
			<TELC:msb>63</TELC:msb>
		</TELC:sample>
	</TELEM:SampleGroup>
	<TELEM:SampleGroup name="Container_9" sampleID="9" sampleGroupID="Container_9">
		<TELC:description>Groupname 0x6048</TELC:description>
		<TELC:length>64</TELC:length>
		<TELC:sample name="PACKAGE_CSTATE_BLOCK_CATEGORY_TIMER" datatypeIDREF="tpkgc_block_cause" sampleID="PACKAGE_CSTATE_BLOCK_CATEGORY_TIMER">
			<TELC:description>Counts the number of 1ms intervals during which PkgC entry was blocked at least once by TIMER.</TELC:description>
			<TELC:sampleSubGroup>PACKAGE_CSTATE_BLOCK_CATEGORY_TIMER</TELC:sampleSubGroup>
			<TELC:sampleType>Counter</TELC:sampleType>
			<TELC:size>32</TELC:size>
			<TELC:lsb>0</TELC:lsb>
			<TELC:msb>31</TELC:msb>
		</TELC:sample>
		<TELC:sample name="PACKAGE_CSTATE_BLOCK_CATEGORY_LATENCY" datatypeIDREF="tpkgc_block_cause" sampleID="PACKAGE_CSTATE_BLOCK_CATEGORY_LATENCY">
			<TELC:description>Counts the number of 1ms intervals during which PkgC entry was blocked at least once by LATENCY.</TELC:description>
			<TELC:sampleSubGroup>PACKAGE_CSTATE_BLOCK_CATEGORY_LATENCY</TELC:sampleSubGroup>
			<TELC:sampleType>Counter</TELC:sampleType>
			<TELC:size>32</TELC:size>
			<TELC:lsb>32</TELC:lsb>
			<TELC:msb>63</TELC:msb>
		</TELC:sample>
	</TELEM:SampleGroup>
	<TELEM:SampleGroup name="Container_10" sampleID="10" sampleGroupID="Container_10">
		<TELC:description>Groupname 0x6050</TELC:description>
		<TELC:length>64</TELC:length>
		<TELC:sample name="PACKAGE_CSTATE_BLOCK_CATEGORY_IP_BUSY" datatypeIDREF="tpkgc_block_cause" sampleID="PACKAGE_CSTATE_BLOCK_CATEGORY_IP_BUSY">
			<TELC:description>Counts the number of 1ms intervals during which PkgC entry was blocked at least once by IP_BUSY.</TELC:description>
			<TELC:sampleSubGroup>PACKAGE_CSTATE_BLOCK_CATEGORY_IP_BUSY</TELC:sampleSubGroup>
			<TELC:sampleType>Counter</TELC:sampleType>
			<TELC:size>32</TELC:size>
			<TELC:lsb>0</TELC:lsb>
			<TELC:msb>31</TELC:msb>
		</TELC:sample>
		<TELC:sample name="PACKAGE_CSTATE_BLOCK_CATEGORY_HYSTERESIS" datatypeIDREF="tpkgc_block_cause" sampleID="PACKAGE_CSTATE_BLOCK_CATEGORY_HYSTERESIS">
			<TELC:description>Counts the number of 1ms intervals during which PkgC entry was blocked at least once by HYSTERESIS.</TELC:description>
			<TELC:sampleSubGroup>PACKAGE_CSTATE_BLOCK_CATEGORY_HYSTERESIS</TELC:sampleSubGroup>
			<TELC:sampleType>Counter</TELC:sampleType>
			<TELC:size>32</TELC:size>
			<TELC:lsb>32</TELC:lsb>
			<TELC:msb>63</TELC:msb>
		</TELC:sample>
	</TELEM:SampleGroup>
	<TELEM:SampleGroup name="Container_11" sampleID="11" sampleGroupID="Container_11">
		<TELC:description>Groupname 0x6058</TELC:description>
		<TELC:length>64</TELC:length>
		<TELC:sample name="PACKAGE_CSTATE_BLOCK_CATEGORY_TRANSIENT" datatypeIDREF="tpkgc_block_cause" sampleID="PACKAGE_CSTATE_BLOCK_CATEGORY_TRANSIENT">
			<TELC:description>Counts the number of 1ms intervals during which PkgC entry was blocked at least once by TRANSIENT.</TELC:description>
			<TELC:sampleSubGroup>PACKAGE_CSTATE_BLOCK_CATEGORY_TRANSIENT</TELC:sampleSubGroup>
			<TELC:sampleType>Counter</TELC:sampleType>
			<TELC:size>32</TELC:size>
			<TELC:lsb>0</TELC:lsb>
			<TELC:msb>31</TELC:msb>
		</TELC:sample>
		<TELC:sample name="PACKAGE_CSTATE_BLOCK_CATEGORY_DEMOTION" datatypeIDREF="tpkgc_block_cause" sampleID="PACKAGE_CSTATE_BLOCK_CATEGORY_DEMOTION">
			<TELC:description>Counts the number of 1ms intervals during which PkgC entry was blocked at least once by DEMOTION.</TELC:description>
			<TELC:sampleSubGroup>PACKAGE_CSTATE_BLOCK_CATEGORY_DEMOTION</TELC:sampleSubGroup>
			<TELC:sampleType>Counter</TELC:sampleType>
			<TELC:size>32</TELC:size>
			<TELC:lsb>32</TELC:lsb>
			<TELC:msb>63</TELC:msb>
		</TELC:sample>
	</TELEM:SampleGroup>
	<TELEM:SampleGroup name="Container_12" sampleID="12" sampleGroupID="Container_12">
		<TELC:description>Groupname 0x6060</TELC:description>
		<TELC:length>64</TELC:length>
		<TELC:sample name="PACKAGE_CSTATE_WAKE_MEM_RSRC" datatypeIDREF="tpkgc_wake_cause" sampleID="PACKAGE_CSTATE_WAKE_MEM_RSRC">
			<TELC:description>Package C-state wake from NONSNOOP.</TELC:description>
			<TELC:sampleSubGroup>PACKAGE_CSTATE_WAKE_MEM_RSRC</TELC:sampleSubGroup>
			<TELC:sampleType>Counter</TELC:sampleType>
			<TELC:size>32</TELC:size>
			<TELC:lsb>0</TELC:lsb>
			<TELC:msb>31</TELC:msb>
		</TELC:sample>
		<TELC:sample name="PACKAGE_CSTATE_WAKE_RING_RSRC" datatypeIDREF="tpkgc_wake_cause" sampleID="PACKAGE_CSTATE_WAKE_RING_RSRC">
			<TELC:description>Package C-state wake from RING_CF.</TELC:description>
			<TELC:sampleSubGroup>PACKAGE_CSTATE_WAKE_RING_RSRC</TELC:sampleSubGroup>
			<TELC:sampleType>Counter</TELC:sampleType>
			<TELC:size>32</TELC:size>
			<TELC:lsb>32</TELC:lsb>
			<TELC:msb>63</TELC:msb>
		</TELC:sample>
	</TELEM:SampleGroup>
	<TELEM:SampleGroup name="Container_13" sampleID="13" sampleGroupID="Container_13">
		<TELC:description>Groupname 0x6068</TELC:description>
		<TELC:length>64</TELC:length>
		<TELC:sample name="PACKAGE_CSTATE_WAKE_UNDEMOTE" datatypeIDREF="tpkgc_wake_cause" sampleID="PACKAGE_CSTATE_WAKE_UNDEMOTE">
			<TELC:description>Package C-state wake from RING. (either for snoop traffic or HAC wakeup)</TELC:description>
			<TELC:sampleSubGroup>PACKAGE_CSTATE_WAKE_UNDEMOTE</TELC:sampleSubGroup>
			<TELC:sampleType>Counter</TELC:sampleType>
			<TELC:size>32</TELC:size>
			<TELC:lsb>0</TELC:lsb>
			<TELC:msb>31</TELC:msb>
		</TELC:sample>
		<TELC:sample name="PACKAGE_CSTATE_WAKE_TIMER" datatypeIDREF="tpkgc_wake_cause" sampleID="PACKAGE_CSTATE_WAKE_TIMER">
			<TELC:description>Package C-state wake from UNDEMOTE.</TELC:description>
			<TELC:sampleSubGroup>PACKAGE_CSTATE_WAKE_TIMER</TELC:sampleSubGroup>
			<TELC:sampleType>Counter</TELC:sampleType>
			<TELC:size>32</TELC:size>
			<TELC:lsb>32</TELC:lsb>
			<TELC:msb>63</TELC:msb>
		</TELC:sample>
	</TELEM:SampleGroup>
	<TELEM:SampleGroup name="Container_14" sampleID="14" sampleGroupID="Container_14">
		<TELC:description>Groupname 0x6070</TELC:description>
		<TELC:length>64</TELC:length>
		<TELC:sample name="PACKAGE_CSTATE_WAKE_DFX" datatypeIDREF="tpkgc_wake_cause" sampleID="PACKAGE_CSTATE_WAKE_DFX">
			<TELC:description>Package C-state wake from PCH_USB. (wake from PCH)</TELC:description>
			<TELC:sampleSubGroup>PACKAGE_CSTATE_WAKE_DFX</TELC:sampleSubGroup>
			<TELC:sampleType>Counter</TELC:sampleType>
			<TELC:size>32</TELC:size>
			<TELC:lsb>0</TELC:lsb>
			<TELC:msb>31</TELC:msb>
		</TELC:sample>
		<TELC:sample name="PACKAGE_CSTATE_WAKE_PUNIT" datatypeIDREF="tpkgc_wake_cause" sampleID="PACKAGE_CSTATE_WAKE_PUNIT">
			<TELC:description>Package C-state wake from TIMER.</TELC:description>
			<TELC:sampleSubGroup>PACKAGE_CSTATE_WAKE_PUNIT</TELC:sampleSubGroup>
			<TELC:sampleType>Counter</TELC:sampleType>
			<TELC:size>32</TELC:size>
			<TELC:lsb>32</TELC:lsb>
			<TELC:msb>63</TELC:msb>
		</TELC:sample>
	</TELEM:SampleGroup>
	<TELEM:SampleGroup name="Container_15" sampleID="15" sampleGroupID="Container_15">
		<TELC:description>Groupname 0x6078</TELC:description>
		<TELC:length>64</TELC:length>
		<TELC:sample name="PACKAGE_CSTATE_WAKE_IOC" datatypeIDREF="tpkgc_wake_cause" sampleID="PACKAGE_CSTATE_WAKE_IOC">
			<TELC:description>Package C-state wake from DISPLAY.</TELC:description>
			<TELC:sampleSubGroup>PACKAGE_CSTATE_WAKE_IOC</TELC:sampleSubGroup>
			<TELC:sampleType>Counter</TELC:sampleType>
			<TELC:size>32</TELC:size>
			<TELC:lsb>0</TELC:lsb>
			<TELC:msb>31</TELC:msb>
		</TELC:sample>
		<TELC:sample name="PACKAGE_CSTATE_WAKE_SOC_CORE" datatypeIDREF="tpkgc_wake_cause" sampleID="PACKAGE_CSTATE_WAKE_SOC_CORE">
			<TELC:description>Package C-state wake from DFX.</TELC:description>
			<TELC:sampleSubGroup>PACKAGE_CSTATE_WAKE_SOC_CORE</TELC:sampleSubGroup>
			<TELC:sampleType>Counter</TELC:sampleType>
			<TELC:size>32</TELC:size>
			<TELC:lsb>32</TELC:lsb>
			<TELC:msb>63</TELC:msb>
		</TELC:sample>
	</TELEM:SampleGroup>
	<TELEM:SampleGroup name="Container_16" sampleID="16" sampleGroupID="Container_16">
		<TELC:description>Groupname 0x6080</TELC:description>
		<TELC:length>64</TELC:length>
		<TELC:sample name="PACKAGE_CSTATE_WAKE_CDIE" datatypeIDREF="tpkgc_wake_cause" sampleID="PACKAGE_CSTATE_WAKE_CDIE">
			<TELC:description>Package C-state wake from IPU.</TELC:description>
			<TELC:sampleSubGroup>PACKAGE_CSTATE_WAKE_CDIE</TELC:sampleSubGroup>
			<TELC:sampleType>Counter</TELC:sampleType>
			<TELC:size>32</TELC:size>
			<TELC:lsb>0</TELC:lsb>
			<TELC:msb>31</TELC:msb>
		</TELC:sample>
		<TELC:sample name="PACKAGE_CSTATE_WAKE_GDIE" datatypeIDREF="tpkgc_wake_cause" sampleID="PACKAGE_CSTATE_WAKE_GDIE">
			<TELC:description>Package C-state wake from PUNIT.</TELC:description>
			<TELC:sampleSubGroup>PACKAGE_CSTATE_WAKE_GDIE</TELC:sampleSubGroup>
			<TELC:sampleType>Counter</TELC:sampleType>
			<TELC:size>32</TELC:size>
			<TELC:lsb>32</TELC:lsb>
			<TELC:msb>63</TELC:msb>
		</TELC:sample>
	</TELEM:SampleGroup>
	<TELEM:SampleGroup name="Container_17" sampleID="17" sampleGroupID="Container_17">
		<TELC:description>Groupname 0x6088</TELC:description>
		<TELC:length>64</TELC:length>
		<TELC:sample name="PACKAGE_CSTATE_WAKE_MEDIA" datatypeIDREF="tpkgc_wake_cause" sampleID="PACKAGE_CSTATE_WAKE_MEDIA">
			<TELC:description>Package C-state wake from IOC.</TELC:description>
			<TELC:sampleSubGroup>PACKAGE_CSTATE_WAKE_MEDIA</TELC:sampleSubGroup>
			<TELC:sampleType>Counter</TELC:sampleType>
			<TELC:size>32</TELC:size>
			<TELC:lsb>0</TELC:lsb>
			<TELC:msb>31</TELC:msb>
		</TELC:sample>
		<TELC:sample name="PACKAGE_CSTATE_WAKE_IPU" datatypeIDREF="tpkgc_wake_cause" sampleID="PACKAGE_CSTATE_WAKE_IPU">
			<TELC:description>Package C-state wake from LTR.</TELC:description>
			<TELC:sampleSubGroup>PACKAGE_CSTATE_WAKE_IPU</TELC:sampleSubGroup>
			<TELC:sampleType>Counter</TELC:sampleType>
			<TELC:size>32</TELC:size>
			<TELC:lsb>32</TELC:lsb>
			<TELC:msb>63</TELC:msb>
		</TELC:sample>
	</TELEM:SampleGroup>
	<TELEM:SampleGroup name="Container_18" sampleID="18" sampleGroupID="Container_18">
		<TELC:description>Groupname 0x6090</TELC:description>
		<TELC:length>64</TELC:length>
		<TELC:sample name="PACKAGE_CSTATE_WAKE_DISPLAY" datatypeIDREF="tpkgc_wake_cause" sampleID="PACKAGE_CSTATE_WAKE_DISPLAY">
			<TELC:description>Package C-state wake from SoCN CORE.</TELC:description>
			<TELC:sampleSubGroup>PACKAGE_CSTATE_WAKE_DISPLAY</TELC:sampleSubGroup>
			<TELC:sampleType>Counter</TELC:sampleType>
			<TELC:size>32</TELC:size>
			<TELC:lsb>0</TELC:lsb>
			<TELC:msb>31</TELC:msb>
		</TELC:sample>
		<TELC:sample name="PACKAGE_CSTATE_WAKE_PKGS_PENDING" datatypeIDREF="tpkgc_wake_cause" sampleID="PACKAGE_CSTATE_WAKE_PKGS_PENDING">
			<TELC:description>Package C-state wake from CDIE CORE.</TELC:description>
			<TELC:sampleSubGroup>PACKAGE_CSTATE_WAKE_PKGS_PENDING</TELC:sampleSubGroup>
			<TELC:sampleType>Counter</TELC:sampleType>
			<TELC:size>32</TELC:size>
			<TELC:lsb>32</TELC:lsb>
			<TELC:msb>63</TELC:msb>
		</TELC:sample>
	</TELEM:SampleGroup>
	<TELEM:SampleGroup name="Container_19" sampleID="19" sampleGroupID="Container_19">
		<TELC:description>Groupname 0x6098</TELC:description>
		<TELC:length>64</TELC:length>
		<TELC:sample name="PACKAGE_CSTATE_WAKE_LTR_IPU" datatypeIDREF="tpkgc_wake_cause" sampleID="PACKAGE_CSTATE_WAKE_LTR_IPU">
			<TELC:description>Package C-state wake from IPU LTR.</TELC:description>
			<TELC:sampleSubGroup>PACKAGE_CSTATE_WAKE_LTR_IPU</TELC:sampleSubGroup>
			<TELC:sampleType>Counter</TELC:sampleType>
			<TELC:size>32</TELC:size>
			<TELC:lsb>0</TELC:lsb>
			<TELC:msb>31</TELC:msb>
		</TELC:sample>
		<TELC:sample name="PACKAGE_CSTATE_WAKE_LTR_DISPLAY" datatypeIDREF="tpkgc_wake_cause" sampleID="PACKAGE_CSTATE_WAKE_LTR_DISPLAY">
			<TELC:description>Package C-state wake from DISPLAY LTR.</TELC:description>
			<TELC:sampleSubGroup>PACKAGE_CSTATE_WAKE_LTR_DISPLAY</TELC:sampleSubGroup>
			<TELC:sampleType>Counter</TELC:sampleType>
			<TELC:size>32</TELC:size>
			<TELC:lsb>32</TELC:lsb>
			<TELC:msb>63</TELC:msb>
		</TELC:sample>
	</TELEM:SampleGroup>
	<TELEM:SampleGroup name="Container_20" sampleID="20" sampleGroupID="Container_20">
		<TELC:description>Groupname 0x60a0</TELC:description>
		<TELC:length>64</TELC:length>
		<TELC:sample name="PACKAGE_CSTATE_WAKE_LTR_IA_DOMAIN" datatypeIDREF="tpkgc_wake_cause" sampleID="PACKAGE_CSTATE_WAKE_LTR_IA_DOMAIN">
			<TELC:description>Package C-state wake from IA DOMAIN LTR.</TELC:description>
			<TELC:sampleSubGroup>PACKAGE_CSTATE_WAKE_LTR_IA_DOMAIN</TELC:sampleSubGroup>
			<TELC:sampleType>Counter</TELC:sampleType>
			<TELC:size>32</TELC:size>
			<TELC:lsb>0</TELC:lsb>
			<TELC:msb>31</TELC:msb>
		</TELC:sample>
		<TELC:sample name="PACKAGE_CSTATE_WAKE_LTR_CDIE" datatypeIDREF="tpkgc_wake_cause" sampleID="PACKAGE_CSTATE_WAKE_LTR_CDIE">
			<TELC:description>Package C-state wake from CDIE LTR.</TELC:description>
			<TELC:sampleSubGroup>PACKAGE_CSTATE_WAKE_LTR_CDIE</TELC:sampleSubGroup>
			<TELC:sampleType>Counter</TELC:sampleType>
			<TELC:size>32</TELC:size>
			<TELC:lsb>32</TELC:lsb>
			<TELC:msb>63</TELC:msb>
		</TELC:sample>
	</TELEM:SampleGroup>
	<TELEM:SampleGroup name="Container_21" sampleID="21" sampleGroupID="Container_21">
		<TELC:description>Groupname 0x60a8</TELC:description>
		<TELC:length>64</TELC:length>
		<TELC:sample name="PACKAGE_CSTATE_WAKE_LTR_GDIE" datatypeIDREF="tpkgc_wake_cause" sampleID="PACKAGE_CSTATE_WAKE_LTR_GDIE">
			<TELC:description>Package C-state wake from GDIE LTR.</TELC:description>
			<TELC:sampleSubGroup>PACKAGE_CSTATE_WAKE_LTR_GDIE</TELC:sampleSubGroup>
			<TELC:sampleType>Counter</TELC:sampleType>
			<TELC:size>32</TELC:size>
			<TELC:lsb>0</TELC:lsb>
			<TELC:msb>31</TELC:msb>
		</TELC:sample>
		<TELC:sample name="PACKAGE_CSTATE_WAKE_LTR_PCH" datatypeIDREF="tpkgc_wake_cause" sampleID="PACKAGE_CSTATE_WAKE_LTR_PCH">
			<TELC:description>Package C-state wake from PCH LTR.</TELC:description>
			<TELC:sampleSubGroup>PACKAGE_CSTATE_WAKE_LTR_PCH</TELC:sampleSubGroup>
			<TELC:sampleType>Counter</TELC:sampleType>
			<TELC:size>32</TELC:size>
			<TELC:lsb>32</TELC:lsb>
			<TELC:msb>63</TELC:msb>
		</TELC:sample>
	</TELEM:SampleGroup>
	<TELEM:SampleGroup name="Container_22" sampleID="22" sampleGroupID="Container_22">
		<TELC:description>Groupname 0x60b0</TELC:description>
		<TELC:length>64</TELC:length>
		<TELC:sample name="PACKAGE_CSTATE_WAKE_TNTE_IPU" datatypeIDREF="tpkgc_wake_cause" sampleID="PACKAGE_CSTATE_WAKE_TNTE_IPU">
			<TELC:description>Package C-state wake from IPU TNTE.</TELC:description>
			<TELC:sampleSubGroup>PACKAGE_CSTATE_WAKE_TNTE_IPU</TELC:sampleSubGroup>
			<TELC:sampleType>Counter</TELC:sampleType>
			<TELC:size>32</TELC:size>
			<TELC:lsb>0</TELC:lsb>
			<TELC:msb>31</TELC:msb>
		</TELC:sample>
		<TELC:sample name="PACKAGE_CSTATE_WAKE_TNTE_DISPLAY" datatypeIDREF="tpkgc_wake_cause" sampleID="PACKAGE_CSTATE_WAKE_TNTE_DISPLAY">
			<TELC:description>Package C-state wake from DISPLAY TNTE.</TELC:description>
			<TELC:sampleSubGroup>PACKAGE_CSTATE_WAKE_TNTE_DISPLAY</TELC:sampleSubGroup>
			<TELC:sampleType>Counter</TELC:sampleType>
			<TELC:size>32</TELC:size>
			<TELC:lsb>32</TELC:lsb>
			<TELC:msb>63</TELC:msb>
		</TELC:sample>
	</TELEM:SampleGroup>
	<TELEM:SampleGroup name="Container_23" sampleID="23" sampleGroupID="Container_23">
		<TELC:description>Groupname 0x60b8</TELC:description>
		<TELC:length>64</TELC:length>
		<TELC:sample name="PACKAGE_CSTATE_WAKE_TNTE_CDIE" datatypeIDREF="tpkgc_wake_cause" sampleID="PACKAGE_CSTATE_WAKE_TNTE_CDIE">
			<TELC:description>Package C-state wake from CDIE TNTE.</TELC:description>
			<TELC:sampleSubGroup>PACKAGE_CSTATE_WAKE_TNTE_CDIE</TELC:sampleSubGroup>
			<TELC:sampleType>Counter</TELC:sampleType>
			<TELC:size>32</TELC:size>
			<TELC:lsb>0</TELC:lsb>
			<TELC:msb>31</TELC:msb>
		</TELC:sample>
		<TELC:sample name="PACKAGE_CSTATE_WAKE_TNTE_GDIE" datatypeIDREF="tpkgc_wake_cause" sampleID="PACKAGE_CSTATE_WAKE_TNTE_GDIE">
			<TELC:description>Package C-state wake from GDIE TNTE.</TELC:description>
			<TELC:sampleSubGroup>PACKAGE_CSTATE_WAKE_TNTE_GDIE</TELC:sampleSubGroup>
			<TELC:sampleType>Counter</TELC:sampleType>
			<TELC:size>32</TELC:size>
			<TELC:lsb>32</TELC:lsb>
			<TELC:msb>63</TELC:msb>
		</TELC:sample>
	</TELEM:SampleGroup>
	<TELEM:SampleGroup name="Container_24" sampleID="24" sampleGroupID="Container_24">
		<TELC:description>Groupname 0x60c0</TELC:description>
		<TELC:length>64</TELC:length>
		<TELC:sample name="PACKAGE_CSTATE_WAKE_TNTE_MEDIA" datatypeIDREF="tpkgc_wake_cause" sampleID="PACKAGE_CSTATE_WAKE_TNTE_MEDIA">
			<TELC:description>Package C-state wake from MEDIA TNTE.</TELC:description>
			<TELC:sampleSubGroup>PACKAGE_CSTATE_WAKE_TNTE_MEDIA</TELC:sampleSubGroup>
			<TELC:sampleType>Counter</TELC:sampleType>
			<TELC:size>32</TELC:size>
			<TELC:lsb>0</TELC:lsb>
			<TELC:msb>31</TELC:msb>
		</TELC:sample>
		<TELC:sample name="PACKAGE_CSTATE_WAKE_TNTE_IA_DOMAIN" datatypeIDREF="tpkgc_wake_cause" sampleID="PACKAGE_CSTATE_WAKE_TNTE_IA_DOMAIN">
			<TELC:description>Package C-state wake from IA DOMAIN TNTE.</TELC:description>
			<TELC:sampleSubGroup>PACKAGE_CSTATE_WAKE_TNTE_IA_DOMAIN</TELC:sampleSubGroup>
			<TELC:sampleType>Counter</TELC:sampleType>
			<TELC:size>32</TELC:size>
			<TELC:lsb>32</TELC:lsb>
			<TELC:msb>63</TELC:msb>
		</TELC:sample>
	</TELEM:SampleGroup>
	<TELEM:SampleGroup name="Container_25" sampleID="25" sampleGroupID="Container_25">
		<TELC:description>Groupname 0x60c8</TELC:description>
		<TELC:length>64</TELC:length>
		<TELC:sample name="PACKAGE_CSTATE_WAKE_TNTE_PCH" datatypeIDREF="tpkgc_wake_cause" sampleID="PACKAGE_CSTATE_WAKE_TNTE_PCH">
			<TELC:description>Package C-state wake from PCH TNTE.</TELC:description>
			<TELC:sampleSubGroup>PACKAGE_CSTATE_WAKE_TNTE_PCH</TELC:sampleSubGroup>
			<TELC:sampleType>Counter</TELC:sampleType>
			<TELC:size>32</TELC:size>
			<TELC:lsb>0</TELC:lsb>
			<TELC:msb>31</TELC:msb>
		</TELC:sample>
		<TELC:sample name="PACKAGE_CSTATE_LTR_THRESHOLDS_C2" datatypeIDREF="tltr" sampleID="PACKAGE_CSTATE_LTR_THRESHOLDS_C2">
			<TELC:description>Package C2 State LTR thresholds.</TELC:description>
			<TELC:sampleSubGroup>PACKAGE_CSTATE_LTR_THRESHOLDS_C2</TELC:sampleSubGroup>
			<TELC:sampleType>Counter</TELC:sampleType>
			<TELC:size>16</TELC:size>
			<TELC:lsb>32</TELC:lsb>
			<TELC:msb>47</TELC:msb>
		</TELC:sample>
		<TELC:sample name="PACKAGE_CSTATE_LTR_THRESHOLDS_C2R" datatypeIDREF="tltr" sampleID="PACKAGE_CSTATE_LTR_THRESHOLDS_C2R">
			<TELC:description>Package C State LTR thresholds.</TELC:description>
			<TELC:sampleSubGroup>PACKAGE_CSTATE_LTR_THRESHOLDS_C2R</TELC:sampleSubGroup>
			<TELC:sampleType>Counter</TELC:sampleType>
			<TELC:size>16</TELC:size>
			<TELC:lsb>48</TELC:lsb>
			<TELC:msb>63</TELC:msb>
		</TELC:sample>
	</TELEM:SampleGroup>
	<TELEM:SampleGroup name="Container_26" sampleID="26" sampleGroupID="Container_26">
		<TELC:description>Groupname 0x60d0</TELC:description>
		<TELC:length>64</TELC:length>
		<TELC:sample name="PACKAGE_CSTATE_LTR_THRESHOLDS_C3" datatypeIDREF="tltr" sampleID="PACKAGE_CSTATE_LTR_THRESHOLDS_C3">
			<TELC:description>Package C State LTR thresholds.</TELC:description>
			<TELC:sampleSubGroup>PACKAGE_CSTATE_LTR_THRESHOLDS_C3</TELC:sampleSubGroup>
			<TELC:sampleType>Counter</TELC:sampleType>
			<TELC:size>16</TELC:size>
			<TELC:lsb>0</TELC:lsb>
			<TELC:msb>15</TELC:msb>
		</TELC:sample>
		<TELC:sample name="PACKAGE_CSTATE_LTR_THRESHOLDS_C6" datatypeIDREF="tltr" sampleID="PACKAGE_CSTATE_LTR_THRESHOLDS_C6">
			<TELC:description>Package C State LTR thresholds.</TELC:description>
			<TELC:sampleSubGroup>PACKAGE_CSTATE_LTR_THRESHOLDS_C6</TELC:sampleSubGroup>
			<TELC:sampleType>Counter</TELC:sampleType>
			<TELC:size>16</TELC:size>
			<TELC:lsb>16</TELC:lsb>
			<TELC:msb>31</TELC:msb>
		</TELC:sample>
		<TELC:sample name="PACKAGE_CSTATE_LTR_THRESHOLDS_C7" datatypeIDREF="tltr" sampleID="PACKAGE_CSTATE_LTR_THRESHOLDS_C7">
			<TELC:description>Package C State LTR thresholds.</TELC:description>
			<TELC:sampleSubGroup>PACKAGE_CSTATE_LTR_THRESHOLDS_C7</TELC:sampleSubGroup>
			<TELC:sampleType>Counter</TELC:sampleType>
			<TELC:size>16</TELC:size>
			<TELC:lsb>32</TELC:lsb>
			<TELC:msb>47</TELC:msb>
		</TELC:sample>
		<TELC:sample name="PACKAGE_CSTATE_LTR_THRESHOLDS_C8" datatypeIDREF="tltr" sampleID="PACKAGE_CSTATE_LTR_THRESHOLDS_C8">
			<TELC:description>Package C State LTR thresholds.</TELC:description>
			<TELC:sampleSubGroup>PACKAGE_CSTATE_LTR_THRESHOLDS_C8</TELC:sampleSubGroup>
			<TELC:sampleType>Counter</TELC:sampleType>
			<TELC:size>16</TELC:size>
			<TELC:lsb>48</TELC:lsb>
			<TELC:msb>63</TELC:msb>
		</TELC:sample>
	</TELEM:SampleGroup>
	<TELEM:SampleGroup name="Container_27" sampleID="27" sampleGroupID="Container_27">
		<TELC:description>Groupname 0x60d8</TELC:description>
		<TELC:length>64</TELC:length>
		<TELC:sample name="PACKAGE_CSTATE_LTR_THRESHOLDS_C9" datatypeIDREF="tltr" sampleID="PACKAGE_CSTATE_LTR_THRESHOLDS_C9">
			<TELC:description>Package C State LTR thresholds.</TELC:description>
			<TELC:sampleSubGroup>PACKAGE_CSTATE_LTR_THRESHOLDS_C9</TELC:sampleSubGroup>
			<TELC:sampleType>Counter</TELC:sampleType>
			<TELC:size>16</TELC:size>
			<TELC:lsb>0</TELC:lsb>
			<TELC:msb>15</TELC:msb>
		</TELC:sample>
		<TELC:sample name="PACKAGE_CSTATE_LTR_THRESHOLDS_C10" datatypeIDREF="tltr" sampleID="PACKAGE_CSTATE_LTR_THRESHOLDS_C10">
			<TELC:description>Package C10 State LTR thresholds.</TELC:description>
			<TELC:sampleSubGroup>PACKAGE_CSTATE_LTR_THRESHOLDS_C10</TELC:sampleSubGroup>
			<TELC:sampleType>Counter</TELC:sampleType>
			<TELC:size>16</TELC:size>
			<TELC:lsb>16</TELC:lsb>
			<TELC:msb>31</TELC:msb>
		</TELC:sample>
		<TELC:sample name="PACKAGE_CSTATE_LTR_VALUES_DISPLAY" datatypeIDREF="tltr" sampleID="PACKAGE_CSTATE_LTR_VALUES_DISPLAY">
			<TELC:description>Current display latency tolerance</TELC:description>
			<TELC:sampleSubGroup>PACKAGE_CSTATE_LTR_VALUES_DISPLAY</TELC:sampleSubGroup>
			<TELC:sampleType>Counter</TELC:sampleType>
			<TELC:size>16</TELC:size>
			<TELC:lsb>32</TELC:lsb>
			<TELC:msb>47</TELC:msb>
		</TELC:sample>
		<TELC:sample name="PACKAGE_CSTATE_LTR_VALUES_IPU" datatypeIDREF="tltr" sampleID="PACKAGE_CSTATE_LTR_VALUES_IPU">
			<TELC:description>Current IPU latency tolerance</TELC:description>
			<TELC:sampleSubGroup>PACKAGE_CSTATE_LTR_VALUES_IPU</TELC:sampleSubGroup>
			<TELC:sampleType>Counter</TELC:sampleType>
			<TELC:size>16</TELC:size>
			<TELC:lsb>48</TELC:lsb>
			<TELC:msb>63</TELC:msb>
		</TELC:sample>
	</TELEM:SampleGroup>
	<TELEM:SampleGroup name="Container_28" sampleID="28" sampleGroupID="Container_28">
		<TELC:description>Groupname 0x60e0</TELC:description>
		<TELC:length>64</TELC:length>
		<TELC:sample name="PACKAGE_CSTATE_LTR_VALUES_PCH" datatypeIDREF="tltr" sampleID="PACKAGE_CSTATE_LTR_VALUES_PCH">
			<TELC:description>Current PCH latency tolerance</TELC:description>
			<TELC:sampleSubGroup>PACKAGE_CSTATE_LTR_VALUES_PCH</TELC:sampleSubGroup>
			<TELC:sampleType>Counter</TELC:sampleType>
			<TELC:size>16</TELC:size>
			<TELC:lsb>0</TELC:lsb>
			<TELC:msb>15</TELC:msb>
		</TELC:sample>
		<TELC:sample name="PACKAGE_CSTATE_LTR_VALUES_CDIE" datatypeIDREF="tltr" sampleID="PACKAGE_CSTATE_LTR_VALUES_CDIE">
			<TELC:description>Current CDIE latency tolerance</TELC:description>
			<TELC:sampleSubGroup>PACKAGE_CSTATE_LTR_VALUES_CDIE</TELC:sampleSubGroup>
			<TELC:sampleType>Counter</TELC:sampleType>
			<TELC:size>16</TELC:size>
			<TELC:lsb>16</TELC:lsb>
			<TELC:msb>31</TELC:msb>
		</TELC:sample>
	</TELEM:SampleGroup>
	<TELEM:SampleGroup name="Container_29" sampleID="29" sampleGroupID="Container_29">
		<TELC:description>Groupname 0x60e8</TELC:description>
		<TELC:length>64</TELC:length>
		<TELC:sample name="PACKAGE_CSTATE_C2_RESIDENCY" datatypeIDREF="txtal_time" sampleID="PACKAGE_CSTATE_C2_RESIDENCY">
			<TELC:description>Measures the residency in Package C-state C2. Units are XTAL clocks.</TELC:description>
			<TELC:sampleSubGroup>PACKAGE_CSTATE_C2_RESIDENCY</TELC:sampleSubGroup>
			<TELC:sampleType>Counter</TELC:sampleType>
			<TELC:size>64</TELC:size>
			<TELC:lsb>0</TELC:lsb>
			<TELC:msb>63</TELC:msb>
		</TELC:sample>
	</TELEM:SampleGroup>
	<TELEM:SampleGroup name="Container_30" sampleID="30" sampleGroupID="Container_30">
		<TELC:description>Groupname 0x60f0</TELC:description>
		<TELC:length>64</TELC:length>
		<TELC:sample name="PACKAGE_CSTATE_C2R_RESIDENCY" datatypeIDREF="txtal_time" sampleID="PACKAGE_CSTATE_C2R_RESIDENCY">
			<TELC:description>Measures the residency in Package C-state C2R. Units are XTAL clocks.</TELC:description>
			<TELC:sampleSubGroup>PACKAGE_CSTATE_C2R_RESIDENCY</TELC:sampleSubGroup>
			<TELC:sampleType>Counter</TELC:sampleType>
			<TELC:size>64</TELC:size>
			<TELC:lsb>0</TELC:lsb>
			<TELC:msb>63</TELC:msb>
		</TELC:sample>
	</TELEM:SampleGroup>
	<TELEM:SampleGroup name="Container_31" sampleID="31" sampleGroupID="Container_31">
		<TELC:description>Groupname 0x60f8</TELC:description>
		<TELC:length>64</TELC:length>
		<TELC:sample name="PACKAGE_CSTATE_C3_RESIDENCY" datatypeIDREF="txtal_time" sampleID="PACKAGE_CSTATE_C3_RESIDENCY">
			<TELC:description>Measures the residency in Package C-state C3. Units are XTAL clocks.</TELC:description>
			<TELC:sampleSubGroup>PACKAGE_CSTATE_C3_RESIDENCY</TELC:sampleSubGroup>
			<TELC:sampleType>Counter</TELC:sampleType>
			<TELC:size>64</TELC:size>
			<TELC:lsb>0</TELC:lsb>
			<TELC:msb>63</TELC:msb>
		</TELC:sample>
	</TELEM:SampleGroup>
	<TELEM:SampleGroup name="Container_32" sampleID="32" sampleGroupID="Container_32">
		<TELC:description>Groupname 0x6100</TELC:description>
		<TELC:length>64</TELC:length>
		<TELC:sample name="PACKAGE_CSTATE_C6_RESIDENCY" datatypeIDREF="txtal_time" sampleID="PACKAGE_CSTATE_C6_RESIDENCY">
			<TELC:description>Measures the residency in Package C-state C6. Units are XTAL clocks.</TELC:description>
			<TELC:sampleSubGroup>PACKAGE_CSTATE_C6_RESIDENCY</TELC:sampleSubGroup>
			<TELC:sampleType>Counter</TELC:sampleType>
			<TELC:size>64</TELC:size>
			<TELC:lsb>0</TELC:lsb>
			<TELC:msb>63</TELC:msb>
		</TELC:sample>
	</TELEM:SampleGroup>
	<TELEM:SampleGroup name="Container_33" sampleID="33" sampleGroupID="Container_33">
		<TELC:description>Groupname 0x6108</TELC:description>
		<TELC:length>64</TELC:length>
		<TELC:sample name="PACKAGE_CSTATE_C7_RESIDENCY" datatypeIDREF="txtal_time" sampleID="PACKAGE_CSTATE_C7_RESIDENCY">
			<TELC:description>Measures the residency in Package C-state C8. Units are XTAL clocks.</TELC:description>
			<TELC:sampleSubGroup>PACKAGE_CSTATE_C7_RESIDENCY</TELC:sampleSubGroup>
			<TELC:sampleType>Counter</TELC:sampleType>
			<TELC:size>64</TELC:size>
			<TELC:lsb>0</TELC:lsb>
			<TELC:msb>63</TELC:msb>
		</TELC:sample>
	</TELEM:SampleGroup>
	<TELEM:SampleGroup name="Container_34" sampleID="34" sampleGroupID="Container_34">
		<TELC:description>Groupname 0x6110</TELC:description>
		<TELC:length>64</TELC:length>
		<TELC:sample name="PACKAGE_CSTATE_C8_RESIDENCY" datatypeIDREF="txtal_time" sampleID="PACKAGE_CSTATE_C8_RESIDENCY">
			<TELC:description>Measures the residency in Package C-state C8. Units are XTAL clocks.</TELC:description>
			<TELC:sampleSubGroup>PACKAGE_CSTATE_C8_RESIDENCY</TELC:sampleSubGroup>
			<TELC:sampleType>Counter</TELC:sampleType>
			<TELC:size>64</TELC:size>
			<TELC:lsb>0</TELC:lsb>
			<TELC:msb>63</TELC:msb>
		</TELC:sample>
	</TELEM:SampleGroup>
	<TELEM:SampleGroup name="Container_35" sampleID="35" sampleGroupID="Container_35">
		<TELC:description>Groupname 0x6118</TELC:description>
		<TELC:length>64</TELC:length>
		<TELC:sample name="PACKAGE_CSTATE_C9_RESIDENCY" datatypeIDREF="txtal_time" sampleID="PACKAGE_CSTATE_C9_RESIDENCY">
			<TELC:description>Measures the residency in Package C-state C8. Units are XTAL clocks.</TELC:description>
			<TELC:sampleSubGroup>PACKAGE_CSTATE_C9_RESIDENCY</TELC:sampleSubGroup>
			<TELC:sampleType>Counter</TELC:sampleType>
			<TELC:size>64</TELC:size>
			<TELC:lsb>0</TELC:lsb>
			<TELC:msb>63</TELC:msb>
		</TELC:sample>
	</TELEM:SampleGroup>
	<TELEM:SampleGroup name="Container_36" sampleID="36" sampleGroupID="Container_36">
		<TELC:description>Groupname 0x6120</TELC:description>
		<TELC:length>64</TELC:length>
		<TELC:sample name="PACKAGE_CSTATE_C10_RESIDENCY" datatypeIDREF="txtal_time" sampleID="PACKAGE_CSTATE_C10_RESIDENCY">
			<TELC:description>Measures the residency in Package C-state C10. Units are XTAL clocks.</TELC:description>
			<TELC:sampleSubGroup>PACKAGE_CSTATE_C10_RESIDENCY</TELC:sampleSubGroup>
			<TELC:sampleType>Counter</TELC:sampleType>
			<TELC:size>64</TELC:size>
			<TELC:lsb>0</TELC:lsb>
			<TELC:msb>63</TELC:msb>
		</TELC:sample>
	</TELEM:SampleGroup>
	<TELEM:SampleGroup name="Container_37" sampleID="37" sampleGroupID="Container_37">
		<TELC:description>Groupname 0x6128</TELC:description>
		<TELC:length>64</TELC:length>
		<TELC:sample name="OS_REQUESTED_CSTATE_PC6_RESIDENCY" datatypeIDREF="txtal_time" sampleID="OS_REQUESTED_CSTATE_PC6_RESIDENCY">
			<TELC:description>Measures the time that the OS requested C-state is PC6. Units in XTAL clocks</TELC:description>
			<TELC:sampleSubGroup>OS_REQUESTED_CSTATE_PC6_RESIDENCY</TELC:sampleSubGroup>
			<TELC:sampleType>Counter</TELC:sampleType>
			<TELC:size>64</TELC:size>
			<TELC:lsb>0</TELC:lsb>
			<TELC:msb>63</TELC:msb>
		</TELC:sample>
	</TELEM:SampleGroup>
	<TELEM:SampleGroup name="Container_38" sampleID="38" sampleGroupID="Container_38">
		<TELC:description>Groupname 0x6130</TELC:description>
		<TELC:length>64</TELC:length>
		<TELC:sample name="OS_REQUESTED_CSTATE_PC7_RESIDENCY" datatypeIDREF="txtal_time" sampleID="OS_REQUESTED_CSTATE_PC7_RESIDENCY">
			<TELC:description>Measures the time that the OS requested C-state is PC7. Units in XTAL clocks</TELC:description>
			<TELC:sampleSubGroup>OS_REQUESTED_CSTATE_PC7_RESIDENCY</TELC:sampleSubGroup>
			<TELC:sampleType>Counter</TELC:sampleType>
			<TELC:size>64</TELC:size>
			<TELC:lsb>0</TELC:lsb>
			<TELC:msb>63</TELC:msb>
		</TELC:sample>
	</TELEM:SampleGroup>
	<TELEM:SampleGroup name="Container_39" sampleID="39" sampleGroupID="Container_39">
		<TELC:description>Groupname 0x6138</TELC:description>
		<TELC:length>64</TELC:length>
		<TELC:sample name="OS_REQUESTED_CSTATE_PC8_RESIDENCY" datatypeIDREF="txtal_time" sampleID="OS_REQUESTED_CSTATE_PC8_RESIDENCY">
			<TELC:description>Measures the time that the OS requested C-state is PC8. Units in XTAL clocks</TELC:description>
			<TELC:sampleSubGroup>OS_REQUESTED_CSTATE_PC8_RESIDENCY</TELC:sampleSubGroup>
			<TELC:sampleType>Counter</TELC:sampleType>
			<TELC:size>64</TELC:size>
			<TELC:lsb>0</TELC:lsb>
			<TELC:msb>63</TELC:msb>
		</TELC:sample>
	</TELEM:SampleGroup>
	<TELEM:SampleGroup name="Container_40" sampleID="40" sampleGroupID="Container_40">
		<TELC:description>Groupname 0x6140</TELC:description>
		<TELC:length>64</TELC:length>
		<TELC:sample name="OS_REQUESTED_CSTATE_PC9_RESIDENCY" datatypeIDREF="txtal_time" sampleID="OS_REQUESTED_CSTATE_PC9_RESIDENCY">
			<TELC:description>Measures the time that the OS requested C-state is PC9. Units in XTAL clocks</TELC:description>
			<TELC:sampleSubGroup>OS_REQUESTED_CSTATE_PC9_RESIDENCY</TELC:sampleSubGroup>
			<TELC:sampleType>Counter</TELC:sampleType>
			<TELC:size>64</TELC:size>
			<TELC:lsb>0</TELC:lsb>
			<TELC:msb>63</TELC:msb>
		</TELC:sample>
	</TELEM:SampleGroup>
	<TELEM:SampleGroup name="Container_41" sampleID="41" sampleGroupID="Container_41">
		<TELC:description>Groupname 0x6148</TELC:description>
		<TELC:length>64</TELC:length>
		<TELC:sample name="OS_REQUESTED_CSTATE_PC10_RESIDENCY" datatypeIDREF="txtal_time" sampleID="OS_REQUESTED_CSTATE_PC10_RESIDENCY">
			<TELC:description>Measures the time that the OS requested C-state is PC10. Units in XTAL clocks</TELC:description>
			<TELC:sampleSubGroup>OS_REQUESTED_CSTATE_PC10_RESIDENCY</TELC:sampleSubGroup>
			<TELC:sampleType>Counter</TELC:sampleType>
			<TELC:size>64</TELC:size>
			<TELC:lsb>0</TELC:lsb>
			<TELC:msb>63</TELC:msb>
		</TELC:sample>
	</TELEM:SampleGroup>
	<TELEM:SampleGroup name="Container_42" sampleID="42" sampleGroupID="Container_42">
		<TELC:description>Groupname 0x6150</TELC:description>
		<TELC:length>64</TELC:length>
		<TELC:sample name="PACKAGE_CSTATE_BLOCKED_PC6_RESIDENCY" datatypeIDREF="txtal_time" sampleID="PACKAGE_CSTATE_BLOCKED_PC6_RESIDENCY">
			<TELC:description>Measures the time that the OS requested C-state of PC6 is blocked. Units in XTAL clocks.</TELC:description>
			<TELC:sampleSubGroup>PACKAGE_CSTATE_BLOCKED_PC6_RESIDENCY</TELC:sampleSubGroup>
			<TELC:sampleType>Counter</TELC:sampleType>
			<TELC:size>64</TELC:size>
			<TELC:lsb>0</TELC:lsb>
			<TELC:msb>63</TELC:msb>
		</TELC:sample>
	</TELEM:SampleGroup>
	<TELEM:SampleGroup name="Container_43" sampleID="43" sampleGroupID="Container_43">
		<TELC:description>Groupname 0x6158</TELC:description>
		<TELC:length>64</TELC:length>
		<TELC:sample name="PACKAGE_CSTATE_BLOCKED_PC7_RESIDENCY" datatypeIDREF="txtal_time" sampleID="PACKAGE_CSTATE_BLOCKED_PC7_RESIDENCY">
			<TELC:description>Measures the time that the OS requested C-state of PC7 is blocked. Units in XTAL clocks.</TELC:description>
			<TELC:sampleSubGroup>PACKAGE_CSTATE_BLOCKED_PC7_RESIDENCY</TELC:sampleSubGroup>
			<TELC:sampleType>Counter</TELC:sampleType>
			<TELC:size>64</TELC:size>
			<TELC:lsb>0</TELC:lsb>
			<TELC:msb>63</TELC:msb>
		</TELC:sample>
	</TELEM:SampleGroup>
	<TELEM:SampleGroup name="Container_44" sampleID="44" sampleGroupID="Container_44">
		<TELC:description>Groupname 0x6160</TELC:description>
		<TELC:length>64</TELC:length>
		<TELC:sample name="PACKAGE_CSTATE_BLOCKED_PC8_RESIDENCY" datatypeIDREF="txtal_time" sampleID="PACKAGE_CSTATE_BLOCKED_PC8_RESIDENCY">
			<TELC:description>Measures the time that the OS requested C-state of PC8 is blocked. Units in XTAL clocks.</TELC:description>
			<TELC:sampleSubGroup>PACKAGE_CSTATE_BLOCKED_PC8_RESIDENCY</TELC:sampleSubGroup>
			<TELC:sampleType>Counter</TELC:sampleType>
			<TELC:size>64</TELC:size>
			<TELC:lsb>0</TELC:lsb>
			<TELC:msb>63</TELC:msb>
		</TELC:sample>
	</TELEM:SampleGroup>
	<TELEM:SampleGroup name="Container_45" sampleID="45" sampleGroupID="Container_45">
		<TELC:description>Groupname 0x6168</TELC:description>
		<TELC:length>64</TELC:length>
		<TELC:sample name="PACKAGE_CSTATE_BLOCKED_PC9_RESIDENCY" datatypeIDREF="txtal_time" sampleID="PACKAGE_CSTATE_BLOCKED_PC9_RESIDENCY">
			<TELC:description>Measures the time that the OS requested C-state of PC9 is blocked. Units in XTAL clocks.</TELC:description>
			<TELC:sampleSubGroup>PACKAGE_CSTATE_BLOCKED_PC9_RESIDENCY</TELC:sampleSubGroup>
			<TELC:sampleType>Counter</TELC:sampleType>
			<TELC:size>64</TELC:size>
			<TELC:lsb>0</TELC:lsb>
			<TELC:msb>63</TELC:msb>
		</TELC:sample>
	</TELEM:SampleGroup>
	<TELEM:SampleGroup name="Container_46" sampleID="46" sampleGroupID="Container_46">
		<TELC:description>Groupname 0x6170</TELC:description>
		<TELC:length>64</TELC:length>
		<TELC:sample name="PACKAGE_CSTATE_BLOCKED_PC10_RESIDENCY" datatypeIDREF="txtal_time" sampleID="PACKAGE_CSTATE_BLOCKED_PC10_RESIDENCY">
			<TELC:description>Measures the time that the OS requested C-state of PC10 is blocked. Units in XTAL clocks.</TELC:description>
			<TELC:sampleSubGroup>PACKAGE_CSTATE_BLOCKED_PC10_RESIDENCY</TELC:sampleSubGroup>
			<TELC:sampleType>Counter</TELC:sampleType>
			<TELC:size>64</TELC:size>
			<TELC:lsb>0</TELC:lsb>
			<TELC:msb>63</TELC:msb>
		</TELC:sample>
	</TELEM:SampleGroup>
	<TELEM:SampleGroup name="Container_47" sampleID="47" sampleGroupID="Container_47">
		<TELC:description>Groupname 0x6178</TELC:description>
		<TELC:length>64</TELC:length>
		<TELC:sample name="FIXED_BLOCK_SPARE[0]" datatypeIDREF="tgeneric_counter" sampleID="FIXED_BLOCK_SPARE[0]">
			<TELC:description>Spare fixed block counters.</TELC:description>
			<TELC:sampleSubGroup>FIXED_BLOCK_SPARE[0]</TELC:sampleSubGroup>
			<TELC:sampleType>Counter</TELC:sampleType>
			<TELC:size>64</TELC:size>
			<TELC:lsb>0</TELC:lsb>
			<TELC:msb>63</TELC:msb>
		</TELC:sample>
	</TELEM:SampleGroup>
	<TELEM:SampleGroup name="Container_48" sampleID="48" sampleGroupID="Container_48">
		<TELC:description>Groupname 0x6180</TELC:description>
		<TELC:length>64</TELC:length>
		<TELC:sample name="FIXED_BLOCK_SPARE[1]" datatypeIDREF="tgeneric_counter" sampleID="FIXED_BLOCK_SPARE[1]">
			<TELC:description>Spare fixed block counters.</TELC:description>
			<TELC:sampleSubGroup>FIXED_BLOCK_SPARE[1]</TELC:sampleSubGroup>
			<TELC:sampleType>Counter</TELC:sampleType>
			<TELC:size>64</TELC:size>
			<TELC:lsb>0</TELC:lsb>
			<TELC:msb>63</TELC:msb>
		</TELC:sample>
	</TELEM:SampleGroup>
	<TELEM:SampleGroup name="Container_49" sampleID="49" sampleGroupID="Container_49">
		<TELC:description>Groupname 0x6188</TELC:description>
		<TELC:length>64</TELC:length>
		<TELC:sample name="FIXED_BLOCK_SPARE[2]" datatypeIDREF="tgeneric_counter" sampleID="FIXED_BLOCK_SPARE[2]">
			<TELC:description>Spare fixed block counters.</TELC:description>
			<TELC:sampleSubGroup>FIXED_BLOCK_SPARE[2]</TELC:sampleSubGroup>
			<TELC:sampleType>Counter</TELC:sampleType>
			<TELC:size>64</TELC:size>
			<TELC:lsb>0</TELC:lsb>
			<TELC:msb>63</TELC:msb>
		</TELC:sample>
	</TELEM:SampleGroup>
	<TELEM:SampleGroup name="Container_50" sampleID="50" sampleGroupID="Container_50">
		<TELC:description>Groupname 0x6190</TELC:description>
		<TELC:length>64</TELC:length>
		<TELC:sample name="FIXED_BLOCK_SPARE[3]" datatypeIDREF="tgeneric_counter" sampleID="FIXED_BLOCK_SPARE[3]">
			<TELC:description>Spare fixed block counters.</TELC:description>
			<TELC:sampleSubGroup>FIXED_BLOCK_SPARE[3]</TELC:sampleSubGroup>
			<TELC:sampleType>Counter</TELC:sampleType>
			<TELC:size>64</TELC:size>
			<TELC:lsb>0</TELC:lsb>
			<TELC:msb>63</TELC:msb>
		</TELC:sample>
	</TELEM:SampleGroup>
	<TELEM:SampleGroup name="Container_51" sampleID="51" sampleGroupID="Container_51">
		<TELC:description>Groupname 0x6198</TELC:description>
		<TELC:length>64</TELC:length>
		<TELC:sample name="FIXED_BLOCK_SPARE[4]" datatypeIDREF="tgeneric_counter" sampleID="FIXED_BLOCK_SPARE[4]">
			<TELC:description>Spare fixed block counters.</TELC:description>
			<TELC:sampleSubGroup>FIXED_BLOCK_SPARE[4]</TELC:sampleSubGroup>
			<TELC:sampleType>Counter</TELC:sampleType>
			<TELC:size>64</TELC:size>
			<TELC:lsb>0</TELC:lsb>
			<TELC:msb>63</TELC:msb>
		</TELC:sample>
	</TELEM:SampleGroup>
	<TELEM:SampleGroup name="Container_52" sampleID="52" sampleGroupID="Container_52">
		<TELC:description>Groupname 0x61a0</TELC:description>
		<TELC:length>64</TELC:length>
		<TELC:sample name="FIXED_BLOCK_SPARE[5]" datatypeIDREF="tgeneric_counter" sampleID="FIXED_BLOCK_SPARE[5]">
			<TELC:description>Spare fixed block counters.</TELC:description>
			<TELC:sampleSubGroup>FIXED_BLOCK_SPARE[5]</TELC:sampleSubGroup>
			<TELC:sampleType>Counter</TELC:sampleType>
			<TELC:size>64</TELC:size>
			<TELC:lsb>0</TELC:lsb>
			<TELC:msb>63</TELC:msb>
		</TELC:sample>
	</TELEM:SampleGroup>
	<TELEM:SampleGroup name="Container_53" sampleID="53" sampleGroupID="Container_53">
		<TELC:description>Groupname 0x61a8</TELC:description>
		<TELC:length>64</TELC:length>
		<TELC:sample name="FIXED_BLOCK_SPARE[6]" datatypeIDREF="tgeneric_counter" sampleID="FIXED_BLOCK_SPARE[6]">
			<TELC:description>Spare fixed block counters.</TELC:description>
			<TELC:sampleSubGroup>FIXED_BLOCK_SPARE[6]</TELC:sampleSubGroup>
			<TELC:sampleType>Counter</TELC:sampleType>
			<TELC:size>64</TELC:size>
			<TELC:lsb>0</TELC:lsb>
			<TELC:msb>63</TELC:msb>
		</TELC:sample>
	</TELEM:SampleGroup>
</TELEM:Aggregator>